doc_id,doc_name,provider,json_valid,required_filled_count,required_total,required_fill_rate,accuracy_score,latency_sec,error,notes
1,20112024_УК_ООО_НТ_Договор_Натуралика_УК_Событийка.pdf,gigachat,1,4,5,0.80,0.80,33.353,,
2,Воронин_21300.pdf,gigachat,1,4,5,0.80,0.80,8.410,,
3,Договор арт техно 26.docx,gigachat,1,5,5,1.00,1.00,23.770,,
4,Договор подряда Сириус Мезон.docx,gigachat,1,5,5,1.00,1.00,10.269,,
5,Договор Сириус Империя 26 млн.docx,gigachat,1,5,5,1.00,1.00,21.719,,
6,ДОГОВОР УК_Аврора_Декорирование.docx,gigachat,1,4,5,0.80,0.80,4.935,,
7,ДОГОВОР_Бурдоно_УК_Народные_гуляния.docx,gigachat,1,4,5,0.80,0.80,6.813,,
8,Договор_на_поставку_сувенирки_ООО_Спарта.docx,gigachat,1,4,5,0.80,0.80,16.999,,
9,МЧ_01112024_ХММ_ООО_НТ_Договор_Натуралика_Михайлов_и_Партнеры_Персонал.pdf,gigachat,1,4,5,0.80,0.80,33.512,,
10,счет ИП сбер от 18.03.24.pdf,gigachat,1,4,5,0.80,0.80,6.001,,
11,Счет на оплату № МБ181 от 02.04.2025.pdf,gigachat,1,0,5,0.00,0.00,20.569,,
12,Счет на оплату.pdf,gigachat,1,5,5,1.00,1.00,9.885,,
13,Счет_на_оплату_с_печатью_и_подписями_№_35_от_28_марта_2025 г.pdf,gigachat,1,4,5,0.80,0.80,5.241,,
14,Счет_на_оплату_№_13_от_28_декабря_2024_г_2.pdf,gigachat,1,4,5,0.80,0.80,7.519,,
15,Счет_на_оплату_№_465_от_14_октября_2022_г.pdf,gigachat,1,4,5,0.80,0.80,8.058,,
16,Счет_на_оплату_№_96_от_04_декабря_2023_г_1.pdf,gigachat,1,4,5,0.80,0.80,5.702,,
17,Счет_на_оплату_№_96_от_18_октября_2022_г.docx,gigachat,1,4,5,0.80,0.80,3.098,,
18,schet-20250217-N17_2.pdf,gigachat,1,4,5,0.80,0.80,8.009,,
1,20112024_УК_ООО_НТ_Договор_Натуралика_УК_Событийка.pdf,yagpt,1,5,5,1.00,1.00,58.995,,
2,Воронин_21300.pdf,yagpt,1,5,5,1.00,1.00,10.879,,
3,Договор арт техно 26.docx,yagpt,1,5,5,1.00,1.00,34.331,,
4,Договор подряда Сириус Мезон.docx,yagpt,1,5,5,1.00,1.00,31.722,,
5,Договор Сириус Империя 26 млн.docx,yagpt,1,5,5,1.00,1.00,37.594,,
6,ДОГОВОР УК_Аврора_Декорирование.docx,yagpt,1,5,5,1.00,1.00,13.902,,
7,ДОГОВОР_Бурдоно_УК_Народные_гуляния.docx,yagpt,1,5,5,1.00,1.00,13.285,,
8,Договор_на_поставку_сувенирки_ООО_Спарта.docx,yagpt,1,5,5,1.00,1.00,26.213,,
9,МЧ_01112024_ХММ_ООО_НТ_Договор_Натуралика_Михайлов_и_Партнеры_Персонал.pdf,yagpt,1,5,5,1.00,1.00,58.920,,
10,счет ИП сбер от 18.03.24.pdf,yagpt,1,5,5,1.00,1.00,9.917,,
11,Счет на оплату № МБ181 от 02.04.2025.pdf,yagpt,1,5,5,1.00,1.00,13.217,,
12,Счет на оплату.pdf,yagpt,1,5,5,1.00,1.00,12.391,,
13,Счет_на_оплату_с_печатью_и_подписями_№_35_от_28_марта_2025 г.pdf,yagpt,1,5,5,1.00,1.00,9.764,,
14,Счет_на_оплату_№_13_от_28_декабря_2024_г_2.pdf,yagpt,1,5,5,1.00,1.00,12.497,,
15,Счет_на_оплату_№_465_от_14_октября_2022_г.pdf,yagpt,1,5,5,1.00,1.00,12.280,,
16,Счет_на_оплату_№_96_от_04_декабря_2023_г_1.pdf,yagpt,1,5,5,1.00,1.00,9.955,,
17,Счет_на_оплату_№_96_от_18_октября_2022_г.docx,yagpt,1,5,5,1.00,1.00,8.592,,
18,schet-20250217-N17_2.pdf,yagpt,1,5,5,1.00,1.00,12.028,,
